{
  "fonts/SCProsperSans-Bold.woff": 1761749449367,
  "lib/jspdf/jspdf.umd.min.js": 1761749449371,
  "lib/html2canvas/html2canvas.min.js": 1761749449371,
  "lib/dompurify/purify.min.js": 1761749449371,
  "model/models.js": 1761749449371,
  "controller/MainView.controller.js": 1761749449363,
  "controller/App.controller.js": 1761749449363,
  "manifest.json": 1761749449371,
  "Component.js": 1761749449363,
  "model/models-dbg.js": 1761749449371,
  "model/models.js.map": 1761750439937,
  "lib/html2canvas/html2canvas.min-dbg.js": 1761749449371,
  "lib/html2canvas/html2canvas.min.js.map": 1761750440664,
  "lib/dompurify/purify.min-dbg.js": 1761749449371,
  "lib/dompurify/purify.min.js.map": 1761750440146,
  "lib/jspdf/jspdf.umd.min-dbg.js": 1761749449371,
  "lib/jspdf/jspdf.umd.min.js.map": 1761750441166,
  "controller/MainView-dbg.controller.js": 1761749449363,
  "controller/MainView.controller.js.map": 1761750440041,
  "controller/App-dbg.controller.js": 1761749449363,
  "controller/App.controller.js.map": 1761750439963,
  "Component-dbg.js": 1761749449363,
  "Component.js.map": 1761750439944,
  "Component-preload.js": 1761750441697,
  "Component-preload.js.map": 1761750441698,
  "view/MainView.view.xml": 1761749449371,
  "view/App.view.xml": 1761749449371,
  "fonts/SCProsperSans-Regular.woff2": 1761749449371,
  "fonts/SCProsperSans-Regular.woff": 1761749449371,
  "fonts/SCProsperSans-Regular.ttf": 1761749449371,
  "fonts/SCProsperSans-Regular.svg": 1761749449371,
  "fonts/SCProsperSans-Regular.eot": 1761749449371,
  "fonts/SCProsperSans-Medium.woff2": 1761749449371,
  "fonts/SCProsperSans-Medium.woff": 1761749449371,
  "fonts/SCProsperSans-Medium.ttf": 1761749449371,
  "fonts/SCProsperSans-Medium.svg": 1761749449367,
  "fonts/SCProsperSans-Medium.eot": 1761749449367,
  "fonts/SCProsperSans-Light.woff2": 1761749449367,
  "fonts/SCProsperSans-Light.woff": 1761749449367,
  "fonts/SCProsperSans-Light.ttf": 1761749449367,
  "fonts/SCProsperSans-Light.svg": 1761749449367,
  "fonts/SCProsperSans-Light.eot": 1761749449367,
  "fonts/SCProsperSans-Bold.woff2": 1761749449367,
  "i18n/i18n.properties": 1761749449371,
  "fonts/SCProsperSans-Bold.ttf": 1761749449367,
  "fonts/SCProsperSans-Bold.svg": 1761749449367,
  "fonts/SCProsperSans-Bold.eot": 1761749449363,
  "images/Scb_logo.png": 1761749449371,
  "images/FinSight.png": 1761749449371,
  "css/style.css": 1761749449363,
  "index.html": 1761749449371
}