{
  "controller/MainView.controller.js.map": 1760701728946,
  "manifest.json": 1760691389232,
  "controller/MainView.controller.js": 1760692247382,
  "controller/App.controller.js": 1760691328616,
  "model/models.js": 1760691328616,
  "Component.js": 1760691328612,
  "model/models-dbg.js": 1760691328616,
  "model/models.js.map": 1760701728929,
  "controller/App-dbg.controller.js": 1760691328616,
  "controller/App.controller.js.map": 1760701728925,
  "controller/MainView-dbg.controller.js": 1760692247382,
  "i18n/i18n.properties": 1760691389232,
  "Component-dbg.js": 1760691328612,
  "Component.js.map": 1760701728924,
  "Component-preload.js": 1760701729075,
  "Component-preload.js.map": 1760701729075,
  "view/MainView.view.xml": 1760692445786,
  "view/App.view.xml": 1760691328620,
  "fonts/SCProsperSans-Regular.woff2": 1760692295546,
  "fonts/SCProsperSans-Regular.woff": 1760692295546,
  "fonts/SCProsperSans-Regular.ttf": 1760692295542,
  "fonts/SCProsperSans-Regular.svg": 1760692295538,
  "fonts/SCProsperSans-Regular.eot": 1760692295534,
  "fonts/SCProsperSans-Medium.woff2": 1760692295530,
  "fonts/SCProsperSans-Medium.woff": 1760692295526,
  "fonts/SCProsperSans-Medium.ttf": 1760692295522,
  "fonts/SCProsperSans-Medium.svg": 1760692295522,
  "fonts/SCProsperSans-Medium.eot": 1760692295514,
  "fonts/SCProsperSans-Light.woff2": 1760692295510,
  "fonts/SCProsperSans-Light.woff": 1760692295510,
  "fonts/SCProsperSans-Light.ttf": 1760692295506,
  "fonts/SCProsperSans-Light.svg": 1760692295506,
  "fonts/SCProsperSans-Light.eot": 1760692295498,
  "fonts/SCProsperSans-Bold.woff2": 1760692295494,
  "fonts/SCProsperSans-Bold.woff": 1760692295490,
  "fonts/SCProsperSans-Bold.ttf": 1760692295490,
  "fonts/SCProsperSans-Bold.svg": 1760692295486,
  "fonts/SCProsperSans-Bold.eot": 1760692295478,
  "css/style.css": 1760692271886,
  "index.html": 1760691328612
}