{
  "fonts/SCProsperSans-Bold.svg": 1760702132136,
  "Component.js": 1761718778732,
  "lib/html2canvas/html2canvas.min.js": 1761562746922,
  "lib/jspdf/jspdf.umd.min.js": 1761562746922,
  "model/models.js": 1760702132140,
  "controller/MainView.controller.js": 1763008792920,
  "controller/App.controller.js": 1760702132132,
  "manifest.json": 1761624733145,
  "lib/dompurify/purify.min.js": 1761562746918,
  "lib/jspdf/jspdf.umd.min-dbg.js": 1761562746922,
  "lib/jspdf/jspdf.umd.min.js.map": 1763008825409,
  "lib/html2canvas/html2canvas.min-dbg.js": 1761562746922,
  "lib/html2canvas/html2canvas.min.js.map": 1763008824846,
  "Component-dbg.js": 1761718778732,
  "Component.js.map": 1763008823979,
  "model/models-dbg.js": 1760702132140,
  "model/models.js.map": 1763008823989,
  "controller/MainView-dbg.controller.js": 1763008792920,
  "controller/MainView.controller.js.map": 1763008824073,
  "controller/App-dbg.controller.js": 1760702132132,
  "controller/App.controller.js.map": 1763008823981,
  "lib/dompurify/purify.min-dbg.js": 1761562746918,
  "lib/dompurify/purify.min.js.map": 1763008824271,
  "Component-preload.js": 1763008826013,
  "Component-preload.js.map": 1763008826014,
  "view/MainView.view.xml": 1763008272405,
  "view/App.view.xml": 1760702132140,
  "fonts/SCProsperSans-Regular.woff2": 1760702132140,
  "fonts/SCProsperSans-Regular.woff": 1760702132140,
  "fonts/SCProsperSans-Regular.ttf": 1760702132140,
  "fonts/SCProsperSans-Regular.svg": 1760702132140,
  "fonts/SCProsperSans-Regular.eot": 1760702132140,
  "fonts/SCProsperSans-Medium.woff2": 1760702132140,
  "fonts/SCProsperSans-Medium.woff": 1760702132140,
  "fonts/SCProsperSans-Medium.ttf": 1760702132140,
  "fonts/SCProsperSans-Medium.svg": 1760702132140,
  "fonts/SCProsperSans-Medium.eot": 1760702132136,
  "fonts/SCProsperSans-Light.woff2": 1760702132136,
  "fonts/SCProsperSans-Light.woff": 1760702132136,
  "fonts/SCProsperSans-Light.ttf": 1760702132136,
  "fonts/SCProsperSans-Light.svg": 1760702132136,
  "fonts/SCProsperSans-Light.eot": 1760702132136,
  "fonts/SCProsperSans-Bold.woff2": 1760702132136,
  "fonts/SCProsperSans-Bold.woff": 1760702132136,
  "fonts/SCProsperSans-Bold.ttf": 1760702132136,
  "i18n/i18n.properties": 1761815739795,
  "fonts/SCProsperSans-Bold.eot": 1760702132132,
  "images/Scb_logo.png": 1761717335991,
  "images/FinSight.png": 1761717335991,
  "css/style.css": 1762163806887,
  "index.html": 1760702132140
}