{
  "fonts/SCProsperSans-Bold.eot": 1761653161668,
  "Component.js": 1761653161664,
  "lib/html2canvas/html2canvas.min.js": 1761653161672,
  "lib/dompurify/purify.min.js": 1761653161672,
  "model/models.js": 1761653161672,
  "controller/MainView.controller.js": 1761653161664,
  "controller/App.controller.js": 1761653161664,
  "manifest.json": 1761653161672,
  "lib/jspdf/jspdf.umd.min.js": 1761653161672,
  "lib/jspdf/jspdf.umd.min-dbg.js": 1761653161672,
  "lib/jspdf/jspdf.umd.min.js.map": 1761653352960,
  "lib/html2canvas/html2canvas.min-dbg.js": 1761653161672,
  "lib/html2canvas/html2canvas.min.js.map": 1761653352534,
  "lib/dompurify/purify.min-dbg.js": 1761653161672,
  "lib/dompurify/purify.min.js.map": 1761653352218,
  "model/models-dbg.js": 1761653161672,
  "model/models.js.map": 1761653352012,
  "controller/MainView-dbg.controller.js": 1761653161664,
  "controller/MainView.controller.js.map": 1761653352116,
  "controller/App-dbg.controller.js": 1761653161664,
  "controller/App.controller.js.map": 1761653351979,
  "Component-dbg.js": 1761653161664,
  "Component.js.map": 1761653352013,
  "Component-preload.js": 1761653353439,
  "Component-preload.js.map": 1761653353440,
  "view/MainView.view.xml": 1761653161672,
  "view/App.view.xml": 1761653161672,
  "fonts/SCProsperSans-Regular.woff2": 1761653161672,
  "fonts/SCProsperSans-Regular.woff": 1761653161672,
  "fonts/SCProsperSans-Regular.ttf": 1761653161672,
  "fonts/SCProsperSans-Regular.svg": 1761653161672,
  "fonts/SCProsperSans-Regular.eot": 1761653161672,
  "fonts/SCProsperSans-Medium.woff2": 1761653161672,
  "fonts/SCProsperSans-Medium.woff": 1761653161672,
  "fonts/SCProsperSans-Medium.ttf": 1761653161672,
  "fonts/SCProsperSans-Medium.svg": 1761653161672,
  "fonts/SCProsperSans-Medium.eot": 1761653161668,
  "fonts/SCProsperSans-Light.woff2": 1761653161668,
  "fonts/SCProsperSans-Light.woff": 1761653161668,
  "fonts/SCProsperSans-Light.ttf": 1761653161668,
  "fonts/SCProsperSans-Light.svg": 1761653161668,
  "fonts/SCProsperSans-Light.eot": 1761653161668,
  "fonts/SCProsperSans-Bold.woff2": 1761653161668,
  "fonts/SCProsperSans-Bold.woff": 1761653161668,
  "fonts/SCProsperSans-Bold.ttf": 1761653161668,
  "fonts/SCProsperSans-Bold.svg": 1761653161668,
  "i18n/i18n.properties": 1761653161672,
  "css/style.css": 1761653161664,
  "index.html": 1761653161672
}