{
  "Component-dbg.js": 1761718778732,
  "Component.js": 1761718778732,
  "lib/html2canvas/html2canvas.min.js": 1761562746922,
  "lib/dompurify/purify.min.js": 1761562746918,
  "model/models.js": 1760702132140,
  "controller/MainView.controller.js": 1761726793348,
  "controller/App.controller.js": 1760702132132,
  "manifest.json": 1761624733145,
  "lib/jspdf/jspdf.umd.min.js": 1761562746922,
  "controller/MainView-dbg.controller.js": 1761726793348,
  "controller/MainView.controller.js.map": 1761726818406,
  "lib/html2canvas/html2canvas.min-dbg.js": 1761562746922,
  "lib/html2canvas/html2canvas.min.js.map": 1761726818995,
  "lib/dompurify/purify.min-dbg.js": 1761562746918,
  "lib/dompurify/purify.min.js.map": 1761726818585,
  "model/models-dbg.js": 1760702132140,
  "model/models.js.map": 1761726818374,
  "i18n/i18n.properties": 1760702132140,
  "Component.js.map": 1761726818370,
  "controller/App-dbg.controller.js": 1760702132132,
  "controller/App.controller.js.map": 1761726818373,
  "lib/jspdf/jspdf.umd.min-dbg.js": 1761562746922,
  "lib/jspdf/jspdf.umd.min.js.map": 1761726819422,
  "Component-preload.js": 1761726819891,
  "Component-preload.js.map": 1761726819892,
  "view/MainView.view.xml": 1761718918473,
  "view/App.view.xml": 1760702132140,
  "images/Scb_logo.png": 1761717335991,
  "images/FinSight.png": 1761717335991,
  "css/style.css": 1761718948509,
  "fonts/SCProsperSans-Regular.woff2": 1760702132140,
  "fonts/SCProsperSans-Regular.woff": 1760702132140,
  "fonts/SCProsperSans-Regular.ttf": 1760702132140,
  "fonts/SCProsperSans-Regular.svg": 1760702132140,
  "fonts/SCProsperSans-Regular.eot": 1760702132140,
  "fonts/SCProsperSans-Medium.woff2": 1760702132140,
  "fonts/SCProsperSans-Medium.woff": 1760702132140,
  "fonts/SCProsperSans-Medium.ttf": 1760702132140,
  "fonts/SCProsperSans-Medium.svg": 1760702132140,
  "fonts/SCProsperSans-Medium.eot": 1760702132136,
  "fonts/SCProsperSans-Light.woff2": 1760702132136,
  "fonts/SCProsperSans-Light.woff": 1760702132136,
  "fonts/SCProsperSans-Light.ttf": 1760702132136,
  "fonts/SCProsperSans-Light.svg": 1760702132136,
  "fonts/SCProsperSans-Light.eot": 1760702132136,
  "fonts/SCProsperSans-Bold.woff2": 1760702132136,
  "fonts/SCProsperSans-Bold.woff": 1760702132136,
  "fonts/SCProsperSans-Bold.ttf": 1760702132136,
  "fonts/SCProsperSans-Bold.svg": 1760702132136,
  "fonts/SCProsperSans-Bold.eot": 1760702132132,
  "index.html": 1760702132140
}