{
  "welcomeFile": "/index.html",
  "authenticationMethod": "route",
  "routes": [
    {
      "source": "^/resources/(.*)$",
      "target": "/resources/$1",
      "authenticationType": "none",
      "destination": "ui5"
    },
    {
      "source": "^/user-api/currentUser$",
      "target": "/currentUser",
      "service": "sap-approuter-userapi"
    },
    {
      "source": "^/api/(.*)$",
      "target": "/api/$1",
      "destination": "TreasurNLQbackend",
      "authenticationType": "none"
    },
    {
      "source": "^/test-resources/(.*)$",
      "target": "/test-resources/$1",
      "authenticationType": "none",
      "destination": "ui5"
    },
    {
      "source": "^/odata/v4/catalog/(.*)$",
      "target": "/odata/v4/catalog/$1",
      "destination": "intellibase_nlq-srv-api",
      "authenticationType": "none"
    },
    {
      "source": "^/odata/v4/(.*)$",
      "target": "/odata/v4/$1",
      "destination": "intellibase_nlq-srv-api",
      "authenticationType": "none"
    },
    {
      "source": "^(.*)$",
      "target": "$1",
      "service": "html5-apps-repo-rt",
      "authenticationType": "xsuaa"
    }
  ]
}