{
  "fonts/SCProsperSans-Regular.ttf": 1761749449371,
  "controller/MainView.controller.js": 1762156291700,
  "lib/jspdf/jspdf.umd.min.js": 1761749449371,
  "lib/dompurify/purify.min.js": 1761749449371,
  "model/models.js": 1761749449371,
  "lib/html2canvas/html2canvas.min.js": 1761749449371,
  "controller/App.controller.js": 1761749449363,
  "manifest.json": 1761749449371,
  "Component.js": 1761749449363,
  "lib/html2canvas/html2canvas.min-dbg.js": 1761749449371,
  "lib/html2canvas/html2canvas.min.js.map": 1762157806354,
  "lib/jspdf/jspdf.umd.min-dbg.js": 1761749449371,
  "lib/jspdf/jspdf.umd.min.js.map": 1762157806830,
  "lib/dompurify/purify.min-dbg.js": 1761749449371,
  "lib/dompurify/purify.min.js.map": 1762157805736,
  "model/models-dbg.js": 1761749449371,
  "model/models.js.map": 1762157805463,
  "controller/MainView-dbg.controller.js": 1762156291700,
  "controller/MainView.controller.js.map": 1762157805642,
  "controller/App-dbg.controller.js": 1761749449363,
  "controller/App.controller.js.map": 1762157805469,
  "Component-dbg.js": 1761749449363,
  "Component.js.map": 1762157805468,
  "Component-preload.js": 1762157807325,
  "Component-preload.js.map": 1762157807326,
  "view/MainView.view.xml": 1762156191319,
  "view/App.view.xml": 1761749449371,
  "fonts/SCProsperSans-Regular.woff2": 1761749449371,
  "fonts/SCProsperSans-Regular.woff": 1761749449371,
  "i18n/i18n.properties": 1761815530554,
  "fonts/SCProsperSans-Regular.svg": 1761749449371,
  "fonts/SCProsperSans-Regular.eot": 1761749449371,
  "fonts/SCProsperSans-Medium.woff2": 1761749449371,
  "fonts/SCProsperSans-Medium.woff": 1761749449371,
  "fonts/SCProsperSans-Medium.ttf": 1761749449371,
  "fonts/SCProsperSans-Medium.svg": 1761749449367,
  "fonts/SCProsperSans-Medium.eot": 1761749449367,
  "fonts/SCProsperSans-Light.woff2": 1761749449367,
  "fonts/SCProsperSans-Light.woff": 1761749449367,
  "fonts/SCProsperSans-Light.ttf": 1761749449367,
  "fonts/SCProsperSans-Light.svg": 1761749449367,
  "fonts/SCProsperSans-Light.eot": 1761749449367,
  "fonts/SCProsperSans-Bold.woff2": 1761749449367,
  "fonts/SCProsperSans-Bold.woff": 1761749449367,
  "fonts/SCProsperSans-Bold.ttf": 1761749449367,
  "fonts/SCProsperSans-Bold.svg": 1761749449367,
  "fonts/SCProsperSans-Bold.eot": 1761749449363,
  "css/style.css": 1762157780929,
  "images/Scb_logo.png": 1761749449371,
  "images/FinSight.png": 1761749449371,
  "index.html": 1761749449371
}