{
  "fonts/SCProsperSans-Medium.woff": 1760702132140,
  "controller/App.controller.js": 1760702132132,
  "lib/html2canvas/html2canvas.min.js": 1761562746922,
  "lib/dompurify/purify.min.js": 1761562746918,
  "model/models.js": 1760702132140,
  "controller/MainView.controller.js": 1761637805755,
  "lib/jspdf/jspdf.umd.min.js": 1761562746922,
  "manifest.json": 1761624733145,
  "Component.js": 1760702132132,
  "controller/MainView-dbg.controller.js": 1761637805755,
  "controller/MainView.controller.js.map": 1761638004918,
  "lib/html2canvas/html2canvas.min-dbg.js": 1761562746922,
  "lib/html2canvas/html2canvas.min.js.map": 1761638005528,
  "lib/dompurify/purify.min-dbg.js": 1761562746918,
  "lib/dompurify/purify.min.js.map": 1761638005088,
  "model/models-dbg.js": 1760702132140,
  "model/models.js.map": 1761638004877,
  "controller/App-dbg.controller.js": 1760702132132,
  "controller/App.controller.js.map": 1761638004870,
  "lib/jspdf/jspdf.umd.min-dbg.js": 1761562746922,
  "lib/jspdf/jspdf.umd.min.js.map": 1761638005991,
  "Component-dbg.js": 1760702132132,
  "Component.js.map": 1761638004875,
  "Component-preload.js": 1761638006516,
  "Component-preload.js.map": 1761638006517,
  "view/MainView.view.xml": 1761562746922,
  "view/App.view.xml": 1760702132140,
  "fonts/SCProsperSans-Regular.woff2": 1760702132140,
  "fonts/SCProsperSans-Regular.woff": 1760702132140,
  "fonts/SCProsperSans-Regular.ttf": 1760702132140,
  "fonts/SCProsperSans-Regular.svg": 1760702132140,
  "fonts/SCProsperSans-Regular.eot": 1760702132140,
  "fonts/SCProsperSans-Medium.woff2": 1760702132140,
  "i18n/i18n.properties": 1760702132140,
  "fonts/SCProsperSans-Medium.ttf": 1760702132140,
  "fonts/SCProsperSans-Medium.svg": 1760702132140,
  "fonts/SCProsperSans-Medium.eot": 1760702132136,
  "fonts/SCProsperSans-Light.woff2": 1760702132136,
  "fonts/SCProsperSans-Light.woff": 1760702132136,
  "fonts/SCProsperSans-Light.ttf": 1760702132136,
  "fonts/SCProsperSans-Light.svg": 1760702132136,
  "fonts/SCProsperSans-Light.eot": 1760702132136,
  "fonts/SCProsperSans-Bold.woff2": 1760702132136,
  "fonts/SCProsperSans-Bold.woff": 1760702132136,
  "fonts/SCProsperSans-Bold.ttf": 1760702132136,
  "fonts/SCProsperSans-Bold.svg": 1760702132136,
  "fonts/SCProsperSans-Bold.eot": 1760702132132,
  "css/style.css": 1761564851936,
  "index.html": 1760702132140
}